Identifier,StructureData,Polymer EntityData,,,,,,,Non-polymer EntityData,,,,,AssemblyData,,
Assembly ID,PDB ID,Entity Polymer Type,Polymer Entity Sequence Length,Asym ID,Auth Asym ID,Entity ID,Entry Id (Polymer Entity Identifiers),Accession Code(s),Ligand ID,Ligand Name,Entity ID,Asym ID,Auth Asym ID,Oligomeric Count,Assembly ID,Oligomeric State
2KUP-1,2KUP,Protein,146,A,A,1,2KUP,O43559,,,,,,2,1,Hetero 2-mer
,,Protein,19,B,B,2,2KUP,Q9UM73,,,,,,,,
2KUQ-1,2KUQ,Protein,153,A,A,1,2KUQ,"O43559, Q9UM73",,,,,,1,1,Monomer
2XB7-1,2XB7,Protein,315,A,A,1,2XB7,Q9UM73,GUI,"5-CHLORO-N-[2-METHOXY-4-[4-(4-METHYLPIPERAZIN-1-YL)PIPERIDIN-1-YL]PHENYL]-N'-(2-PROPAN-2-YLSULFONYLPHENYL)PYRIMIDINE-2,4-DIAMINE",2,B,A,1,1,Monomer
2XBA-1,2XBA,Protein,315,A,A,1,2XBA,Q9UM73,571,"5-[(2R)-2-hydroxy-2-phenylacetyl]-3-({[4-(4-methylpiperazin-1-yl)phenyl]carbonyl}amino)-1,6-dihydropyrrolo[3,4-c]pyrazol-5-ium ",2,B,A,1,1,Monomer
2XP2-1,2XP2,Protein,327,A,A,1,2XP2,Q9UM73,VGH,"3-[(1R)-1-(2,6-dichloro-3-fluorophenyl)ethoxy]-5-(1-piperidin-4-yl-1H-pyrazol-4-yl)pyridin-2-amine",2,B,A,1,1,Monomer
2YFX-1,2YFX,Protein,327,A,A,1,2YFX,Q9UM73,VGH,"3-[(1R)-1-(2,6-dichloro-3-fluorophenyl)ethoxy]-5-(1-piperidin-4-yl-1H-pyrazol-4-yl)pyridin-2-amine",2,B,A,1,1,Monomer
2YHV-1,2YHV,Protein,342,A,A,1,2YHV,Q9UM73,,,,,,1,1,Monomer
2YJR-1,2YJR,Protein,342,A,A,1,2YJR,Q9UM73,,,,,,1,1,Monomer
2YJS-1,2YJS,Protein,342,A,A,1,2YJS,Q9UM73,,,,,,1,1,Monomer
2YS5-1,2YS5,Protein,146,A,A,1,2YS5,O43559,,,,,,2,1,Hetero 2-mer
,,Protein,19,B,B,2,2YS5,Q9UM73,,,,,,,,
2YT2-1,2YT2,Protein,153,A,A,1,2YT2,"O43559, Q9UM73",,,,,,1,1,Monomer
3AOX-1,3AOX,Protein,344,A,A,1,3AOX,Q9UM73,EMH,"9-ethyl-6,6-dimethyl-8-[4-(morpholin-4-yl)piperidin-1-yl]-11-oxo-6,11-dihydro-5H-benzo[b]carbazole-3-carbonitrile",2,B,A,1,1,Monomer
,,,,,,,,,EDO,"1,2-ETHANEDIOL",3,C,A,,,
,,,,,,,,,,,,D,A,,,
,,,,,,,,,,,,E,A,,,
,,,,,,,,,,,,F,A,,,
3L9P-1,3L9P,Protein,367,A,A,1,3L9P,Q9UM73,GOL,GLYCEROL,2,B,A,1,1,Monomer
,,,,,,,,,,,,C,A,,,
,,,,,,,,,,,,D,A,,,
,,,,,,,,,,,,E,A,,,
3LCS-1,3LCS,Protein,344,A,A,1,3LCS,Q9UM73,STU,STAUROSPORINE,2,B,A,1,1,Monomer
,,,,,,,,,GOL,GLYCEROL,3,C,A,,,
,,,,,,,,,,,,D,A,,,
3LCT-1,3LCT,Protein,344,A,A,1,3LCT,Q9UM73,GOL,GLYCEROL,2,B,A,1,1,Monomer
,,,,,,,,,,,,D,A,,,
,,,,,,,,,ADP,ADENOSINE-5'-DIPHOSPHATE,3,C,A,,,
4ANL-1,4ANL,Protein,342,A,A,1,4ANL,Q9UM73,,,,,,1,1,Monomer
4ANQ-1,4ANQ,Protein,342,A,A,1,4ANQ,Q9UM73,VGH,"3-[(1R)-1-(2,6-dichloro-3-fluorophenyl)ethoxy]-5-(1-piperidin-4-yl-1H-pyrazol-4-yl)pyridin-2-amine",2,B,A,1,1,Monomer
4ANS-1,4ANS,Protein,342,A,A,1,4ANS,Q9UM73,VGH,"3-[(1R)-1-(2,6-dichloro-3-fluorophenyl)ethoxy]-5-(1-piperidin-4-yl-1H-pyrazol-4-yl)pyridin-2-amine",2,B,A,1,1,Monomer
4CCB-1,4CCB,Protein,327,A,A,1,4CCB,Q9UM73,OFG,"3-[(1R)-1-[5-fluoranyl-2-(1,2,3-triazol-2-yl)phenyl]ethoxy]-5-(3-methyl-1H-pyrazol-4-yl)pyridin-2-amine",2,B,A,1,1,Monomer
4CCU-1,4CCU,Protein,327,A,A,1,4CCU,Q9UM73,AWF,"2-(5-(6-amino-5-((R)-1-(5-fluoro-2-(2H-1,2,3-triazol-2-yl)phenyl)ethoxy)pyridin-3-yl)-4-methylthiazol-2-yl)propan-2-ol",2,B,A,1,1,Monomer
4CD0-1,4CD0,Protein,342,A,A,1,4CD0,Q9UM73,AWJ,"(2R)-2-[5-(6-amino-5-{(1R)-1-[2-(1,3-dihydro-2H-1,2,3-triazol-2-yl)-5-fluorophenyl]ethoxy}pyridin-3-yl)-4-methyl-1,3-thiazol-2-yl]propane-1,2-diol",2,B,A,1,1,Monomer
4CLI-1,4CLI,Protein,327,A,A,1,4CLI,Q9UM73,5P8,"(10R)-7-amino-12-fluoro-2,10,16-trimethyl-15-oxo-10,15,16,17-tetrahydro-2H-8,4-(metheno)pyrazolo[4,3-h][2,5,11]benzoxadiazacyclotetradecine-3-carbonitrile",2,B,A,1,1,Monomer
4CLJ-1,4CLJ,Protein,327,A,A,1,4CLJ,Q9UM73,5P8,"(10R)-7-amino-12-fluoro-2,10,16-trimethyl-15-oxo-10,15,16,17-tetrahydro-2H-8,4-(metheno)pyrazolo[4,3-h][2,5,11]benzoxadiazacyclotetradecine-3-carbonitrile",2,B,A,1,1,Monomer
4CMO-1,4CMO,Protein,327,A,A,1,4CMO,Q9UM73,YPW,2-[(1R)-1-{[3-amino-6-(2-methoxypyridin-3-yl)pyrazin-2-yl]oxy}ethyl]-4-fluoro-N-methylbenzamide,2,B,A,1,1,Monomer
4CMT-1,4CMT,Protein,327,A,A,1,4CMT,Q9UM73,GWH,"3-{(1R)-1-[2-(1,3-dihydro-2H-1,2,3-triazol-2-yl)-5-fluorophenyl]ethoxy}-5-[3-(methylsulfonyl)phenyl]pyridin-2-amine",2,B,A,1,1,Monomer
4CMU-1,4CMU,Protein,327,A,A,1,4CMU,Q9UM73,IV7,"(10R)-7-amino-12-fluoro-1,3,10,16-tetramethyl-16,17-dihydro-1H-8,4-(metheno)pyrazolo[4,3-h][2,5,11]benzoxadiazacyclotetradecin-15(10H)-one",2,B,A,1,1,Monomer
4CNH-1,4CNH,Protein,327,B,B,1,4CNH,Q9UM73,3U9,"3-[(1R)-1-(5-fluoro-2-methoxyphenyl)ethoxy]-5-(1-methyl-1H-1,2,3-triazol-5-yl)pyridin-2-amine",2,C,A,1,1,Monomer
,,,,A,A,,,,,,,D,B,,,
,,,,,,,,,,,,E,B,,,
,,,,,,,,,,,,,,,,
,,,,B,B,,,,,,,D,B,,,
,,,,,,,,,,,,E,B,,,
4CTB-1,4CTB,Protein,327,A,A,1,4CTB,Q9UM73,KVC,"(5R)-8-amino-3-fluoro-5,19-dimethyl-20-oxo-5,18,19,20-tetrahydro-11,7-(azeno)pyrido[2',1':2,3]imidazo[4,5-h][2,5,11]benzoxadiazacyclotetradecine-14-carbonitrile",2,B,A,1,1,Monomer
4CTC-1,4CTC,Protein,327,A,A,1,4CTC,Q9UM73,J99,"(10R)-7-amino-3-cyclopropyl-12-fluoro-1,10,16-trimethyl-16,17-dihydro-1H-8,4-(metheno)pyrazolo[4,3-h][2,5,11]benzoxadiazacyclotetradecin-15(10H)-one",2,B,A,1,1,Monomer
4DCE-1,4DCE,Protein,333,A,A,1,4DCE,Q9UM73,0JF,"(3S)-N-(4-methylbenzyl)-1-{2-[(3,4,5-trimethoxyphenyl)amino]pyrimidin-4-yl}piperidine-3-carboxamide",2,C,A,1,1,Monomer
,,,,B,B,,,,,,,D,B,,,
,,,,,,,,,,,,,,,,
,,,,B,B,,,,,,,D,B,,,
4FNW-1,4FNW,Protein,327,A,A,1,4FNW,Q9UM73,GOL,GLYCEROL,2,B,A,1,1,Monomer
,,,,,,,,,,,,C,A,,,
4FNX-1,4FNX,Protein,327,A,A,1,4FNX,Q9UM73,GOL,GLYCEROL,2,B,A,1,1,Monomer
4FNY-1,4FNY,Protein,327,A,A,1,4FNY,Q9UM73,I3K,"N-(4-chlorophenyl)-5-[(6,7-dimethoxyquinolin-4-yl)oxy]-1,3-benzoxazol-2-amine",2,B,A,1,1,Monomer
4FNZ-1,4FNZ,Protein,327,A,A,1,4FNZ,Q9UM73,NZF,"(3S)-N-[3-(trifluoromethoxy)benzyl]-1-{2-[(3,4,5-trimethoxyphenyl)amino]pyrimidin-4-yl}piperidine-3-carboxamide",2,B,A,1,1,Monomer
4FOB-1,4FOB,Protein,353,A,A,1,4FOB,Q9UM73,0US,N-{1-[cis-4-(hydroxymethyl)cyclohexyl]-5-(piperidin-1-ylmethyl)-1H-benzimidazol-2-yl}-3-(prop-2-en-1-ylsulfamoyl)benzamide,2,B,A,1,1,Monomer
4FOC-1,4FOC,Protein,353,A,A,1,4FOC,Q9UM73,0UU,methyl cis-4-[2-(benzoylamino)-6-(piperidin-1-ylmethyl)-1H-benzimidazol-1-yl]cyclohexanecarboxylate,2,B,A,1,1,Monomer
4FOD-1,4FOD,Protein,333,A,A,1,4FOD,Q9UM73,0UV,"4-fluoro-N-{(2E)-6-{[4-(2-hydroxypropan-2-yl)piperidin-1-yl]methyl}-1-[cis-4-(propan-2-ylcarbamoyl)cyclohexyl]-1,3-dihydro-2H-benzimidazol-2-ylidene}benzamide",2,B,A,1,1,Monomer
,,,,,,,,,GOL,GLYCEROL,3,C,A,,,
4JOA-1,4JOA,Protein,344,A,A,1,4JOA,Q9UM73,3DK,"3-[1-(2,5-difluorobenzyl)-1H-pyrazol-4-yl]-5-(1-methyl-1H-pyrazol-4-yl)-1H-pyrrolo[2,3-b]pyridine",2,B,A,1,1,Monomer
4MKC-1,4MKC,Protein,367,A,A,1,4MKC,Q9UM73,4MK,"5-chloro-N~2~-[5-methyl-4-(piperidin-4-yl)-2-(propan-2-yloxy)phenyl]-N~4~-[2-(propan-2-ylsulfonyl)phenyl]pyrimidine-2,4-diamine",3,D,A,1,1,Monomer
,,,,,,,,,GOL,GLYCEROL,2,B,A,,,
,,,,,,,,,,,,C,A,,,
4TT7-1,4TT7,Protein,325,A,A,1,4TT7,Q9UM73,EDO,"1,2-ETHANEDIOL",3,D,A,1,1,Monomer
,,,,,,,,,,,,E,A,,,
,,,,,,,,,,,,F,A,,,
,,,,,,,,,COM,1-THIOETHANESULFONIC ACID,2,B,A,,,
,,,,,,,,,,,,C,A,,,
4Z55-1,4Z55,Protein,339,A,A,1,4Z55,Q9UM73,GOL,GLYCEROL,2,B,A,1,1,Monomer
,,,,,,,,,,,,C,A,,,
,,,,,,,,,4LO,"N~6~-[5-methyl-4-(1-methylpiperidin-4-yl)-2-(propan-2-yloxy)phenyl]-N~4~-[2-(propan-2-ylsulfonyl)phenyl]-2H-pyrazolo[3,4-d]pyrimidine-4,6-diamine",3,D,A,,,
5A9U-1,5A9U,Protein,327,A,A,1,5A9U,Q9UM73,5P8,"(10R)-7-amino-12-fluoro-2,10,16-trimethyl-15-oxo-10,15,16,17-tetrahydro-2H-8,4-(metheno)pyrazolo[4,3-h][2,5,11]benzoxadiazacyclotetradecine-3-carbonitrile",2,B,A,1,1,Monomer
5AA8-1,5AA8,Protein,327,A,A,1,5AA8,Q9UM73,5P8,"(10R)-7-amino-12-fluoro-2,10,16-trimethyl-15-oxo-10,15,16,17-tetrahydro-2H-8,4-(metheno)pyrazolo[4,3-h][2,5,11]benzoxadiazacyclotetradecine-3-carbonitrile",2,B,A,1,1,Monomer
5AA9-1,5AA9,Protein,327,A,A,1,5AA9,Q9UM73,5P8,"(10R)-7-amino-12-fluoro-2,10,16-trimethyl-15-oxo-10,15,16,17-tetrahydro-2H-8,4-(metheno)pyrazolo[4,3-h][2,5,11]benzoxadiazacyclotetradecine-3-carbonitrile",2,B,A,1,1,Monomer
5AAA-1,5AAA,Protein,327,A,A,1,5AAA,Q9UM73,VGH,"3-[(1R)-1-(2,6-dichloro-3-fluorophenyl)ethoxy]-5-(1-piperidin-4-yl-1H-pyrazol-4-yl)pyridin-2-amine",2,B,A,1,1,Monomer
5AAB-1,5AAB,Protein,327,A,A,1,5AAB,Q9UM73,VGH,"3-[(1R)-1-(2,6-dichloro-3-fluorophenyl)ethoxy]-5-(1-piperidin-4-yl-1H-pyrazol-4-yl)pyridin-2-amine",2,B,A,1,1,Monomer
5AAC-1,5AAC,Protein,327,A,A,1,5AAC,Q9UM73,VGH,"3-[(1R)-1-(2,6-dichloro-3-fluorophenyl)ethoxy]-5-(1-piperidin-4-yl-1H-pyrazol-4-yl)pyridin-2-amine",2,B,A,1,1,Monomer
5FTO-1,5FTO,Protein,315,A,A,1,5FTO,Q9UM73,YMX,Entrectinib,2,B,A,1,1,Monomer
5FTQ-1,5FTQ,Protein,315,A,A,1,5FTQ,Q9UM73,U4W,"N-[5-(3,5-DIFLUOROBENZYL)-1H-INDAZOL-3-YL]-2-[(4-HYDROXYCYCLOHEXYL)AMINO]-4-(4-METHYLPIPERAZIN-1-YL) BENZAMIDE",2,B,A,1,1,Monomer
,,,,,,,,,GOL,GLYCEROL,3,C,A,,,
5IMX-1,5IMX,Protein,327,A,A,1,5IMX,Q9UM73,CZ4,"5-chloro-N~2~-{5-methyl-4-(1-methylpiperidin-4-yl)-2-[(propan-2-yl)oxy]phenyl}-N~4~-{1-methyl-3-[(propan-2-yl)sulfonyl]-1H-pyrazol-4-yl}pyrimidine-2,4-diamine",2,B,A,1,1,Monomer
5IUG-1,5IUG,Protein,327,A,A,1,5IUG,Q9UM73,729,"N-[3-(4-{[(5-tert-butyl-1,2-oxazol-3-yl)carbamoyl]amino}-3-methylphenyl)-1H-pyrazol-5-yl]-4-[(4-methylpiperazin-1-yl)methyl]benzamide",2,B,A,1,1,Monomer
5IUH-1,5IUH,Protein,327,A,A,1,5IUH,Q9UM73,34Y,"4-[(4-methylpiperazin-1-yl)methyl]-N-{3-[3-methyl-4-({[5-(propan-2-yl)-1,2-oxazol-3-yl]carbamoyl}amino)phenyl]-1H-pyrazol-5-yl}benzamide",2,B,A,1,1,Monomer
5IUI-1,5IUI,Protein,327,A,A,1,5IUI,Q9UM73,45Q,N-[3-(4-amino-3-methylphenyl)-1H-pyrazol-5-yl]-4-[(4-methylpiperazin-1-yl)methyl]benzamide,2,B,A,1,1,Monomer
5KZ0-1,5KZ0,Protein,327,A,A,1,5KZ0,Q9UM73,6YL,"2-[(1~{R})-1-[2-azanyl-5-(1,3-dimethylpyrazol-4-yl)pyridin-3-yl]oxyethyl]-4-fluoranyl-~{N},~{N}-dimethyl-benzamide",2,B,A,1,1,Monomer
5VZ5-1,5VZ5,Protein,280,A,A,1,5VZ5,P01889,GOL,GLYCEROL,4,E,A,3,1,Hetero 3-mer
,,Protein,100,B,B,2,5VZ5,P61769,,,,F,A,,,
,,Protein,10,C,C,3,5VZ5,Q9UM73,,,,H,A,,,
,,,,,,,,,,,,N,B,,,
,,,,,,,,,,,,O,C,,,
,,,,,,,,,,,,G,A,,,
,,,,,,,,,,,,D,A,,,
,,,,,,,,,SO4,SULFATE ION,5,I,A,,,
,,,,,,,,,,,,J,A,,,
,,,,,,,,,,,,K,A,,,
,,,,,,,,,,,,L,A,,,
,,,,,,,,,,,,M,A,,,
6AT9-1,6AT9,Protein,100,B,B,2,6AT9,P61769,,,,,,3,1,Hetero 3-mer
,,Protein,10,C,C,3,6AT9,Q9UM73,,,,,,,,
,,Protein,283,A,A,1,6AT9,P04439,,,,,,,,
6CDT-1,6CDT,Protein,327,A,A,1,6CDT,Q9UM73,,,,,,1,1,Monomer
6E0R-1,6E0R,Protein,322,A,A,1,6E0R,Q9UM73,HKJ,"N-[(1S)-1-(5-fluoropyridin-2-yl)ethyl]-1-(5-methyl-1H-pyrazol-3-yl)-3-[(oxetan-3-yl)sulfonyl]-1H-pyrrolo[2,3-b]pyridin-6-amine",2,B,A,1,1,Monomer
6EBW-1,6EBW,Protein,322,A,A,1,6EBW,Q9UM73,J3Y,"[6-{[(1S)-1-(5-fluoropyridin-2-yl)ethyl]amino}-1-(5-methyl-1H-pyrazol-3-yl)-1H-pyrrolo[2,3-b]pyridin-3-yl](morpholin-4-yl)methanone",2,B,A,1,1,Monomer
6EDL-1,6EDL,Protein,322,A,A,1,6EDL,Q9UM73,J4M,"N-[(1S)-1-(2,4-difluorophenyl)ethyl]-3-(5-methyl-1H-pyrazol-3-yl)imidazo[1,2-b]pyridazin-6-amine",2,B,A,1,1,Monomer
6MX8-1,6MX8,Protein,307,A,A,1,6MX8,Q9UM73,6GY,"5-chloro-N~4~-[2-(dimethylphosphoryl)phenyl]-N~2~-{2-methoxy-4-[4-(4-methylpiperazin-1-yl)piperidin-1-yl]phenyl}pyrimidine-2,4-diamine",2,B,A,1,1,Monomer
7BTT-1,7BTT,Protein,320,A,A,1,7BTT,Q9UM73,F8R,"2-(dimethylamino)-1-[5-methoxy-6-[[4-[(2-propan-2-ylsulfonylphenyl)amino]-5H-pyrrolo[3,2-d]pyrimidin-2-yl]amino]-2,3-dihydroindol-1-yl]ethanone",2,B,A,1,1,Monomer
7JY4-1,7JY4,Protein,322,A,A,1,7JY4,Q9UM73,W47,"1-{(1S,2S)-1-(2,4-difluorophenyl)-2-[2-(3-methyl-1H-pyrazol-5-yl)-4-(trifluoromethyl)phenoxy]cyclopropyl}methanamine",2,B,A,1,1,Monomer
,,,,,,,,,,,,C,A,,,
7JYR-1,7JYR,Protein,322,A,A,1,7JYR,Q9UM73,VTA,"4-{[(1R,2R)-2-(2,4-difluorophenyl)cyclopropyl]oxy}-3-(5-methyl-1H-pyrazol-3-yl)benzonitrile",2,B,A,1,1,Monomer
,,,,,,,,,EDO,"1,2-ETHANEDIOL",3,C,A,,,
,,,,,,,,,,,,D,A,,,
7JYS-1,7JYS,Protein,322,A,A,1,7JYS,Q9UM73,VTD,3-(3-chlorophenyl)-5-methyl-1H-pyrazole,2,B,A,1,1,Monomer
,,,,,,,,,EDO,"1,2-ETHANEDIOL",3,C,A,,,
7JYT-1,7JYT,Protein,322,A,A,1,7JYT,Q9UM73,GOL,GLYCEROL,2,B,A,1,1,Monomer
,,,,,,,,,VRM,3-(3-methyl-1H-pyrazol-5-yl)pyridine,3,C,A,,,
7LRZ-1,7LRZ,Protein,311,A,A,1,7LRZ,Q9UM73,,,,,,1,1,Monomer
7LS0-1,7LS0,Protein,451,A,A,1,7LS0,Q9UM73,NAG,2-acetamido-2-deoxy-beta-D-glucopyranose,3,G,D,2,1,Homo 2-mer
,,,,B,B,,,,CIT,CITRIC ACID,2,E,A,,,
,,,,C,C,,,,,,,F,A,,,
,,,,D,D,,,,,,,,,,,
7MZW-1,7MZW,Protein,353,A,A,1,7MZW,Q9UM73,,,,,,1,1,Monomer
7MZY-1,7MZY,Protein,315,A,A,1,7MZY,Q9UM73,ACT,ACETATE ION,2,C,A,2,1,Homo 2-mer
,,,,B,B,,,,,,,D,A,,,
7N00-1,7N00,Protein,379,A,A,1,7N00,Q9UM73,,,,,,4,1,Hetero 4-mer
,,,,B,C,,,,,,,,,,,
,,Protein,128,C,B,2,7N00,Q6UX46,,,,,,,,
,,,,D,D,,,,,,,,,,,
7NWZ-1,7NWZ,Protein,81,A,D,1,7NWZ,Q6UX46,NAG,2-acetamido-2-deoxy-beta-D-glucopyranose,3,G,F,3,1,"Hetero 3-mer, Homo 2-mer"
,,,,F,C,,,,,,,L,A,,,
,,Protein,344,B,F,2,7NWZ,Q9UM73,,,,K,B,,,
,,,,C,E,,,,,,,J,B,,,
,,,,D,B,,,,,,,I,B,,,
,,,,E,A,,,,,,,H,E,,,
7NX3-1,7NX3,Protein,218,C,C,3,7NX3,,NAG,2-acetamido-2-deoxy-beta-D-glucopyranose,4,G,A,3,1,Hetero 3-mer
,,,,D,D,,,,,,,H,A,,,
,,Protein,231,B,B,2,7NX3,,,,,I,A,,,
,,,,E,E,,,,,,,K,F,,,
,,Protein,389,A,A,1,7NX3,Q9UM73,,,,L,F,,,
,,,,F,F,,,,,,,M,F,,,
,,,,,,,,,,,,N,F,,,
,,,,,,,,,,,,J,A,,,
7NX4-1,7NX4,Protein,389,A,A,1,7NX4,Q9UM73,ZN,ZINC ION,3,F,A,1,1,Monomer
,,,,,,,,,NI,NICKEL (II) ION,4,H,A,,,
,,,,,,,,,,,,G,A,,,
,,,,,,,,,NAG,2-acetamido-2-deoxy-beta-D-glucopyranose,2,E,A,,,
,,,,,,,,,,,,D,A,,,
,,,,,,,,,,,,C,A,,,
,,,,,,,,,,,,B,A,,,
7R7K-1,7R7K,Protein,327,A,A,1,7R7K,Q9UM73,25J,"4-(6-amino-5-{(1R)-1-[5-fluoro-2-(2H-1,2,3-triazol-2-yl)phenyl]ethoxy}pyridin-3-yl)-2,3-dihydro-1H-isoindol-1-one",2,B,A,1,1,Monomer
7R7R-1,7R7R,Protein,327,A,A,1,7R7R,Q9UM73,AWJ,"(2R)-2-[5-(6-amino-5-{(1R)-1-[2-(1,3-dihydro-2H-1,2,3-triazol-2-yl)-5-fluorophenyl]ethoxy}pyridin-3-yl)-4-methyl-1,3-thiazol-2-yl]propane-1,2-diol",2,B,A,1,1,Monomer
8ARJ-1,8ARJ,Protein,321,A,A,1,8ARJ,Q9UM73,NRR,"3-(dimethylamino)-1-[3-[4-(4-methylpiperazin-1-yl)phenyl]-9~{H}-pyrido[2,3-b]indol-6-yl]prop-2-en-1-one",2,B,A,1,1,Monomer
9G5I-1,9G5I,Protein,379,A,A,1,9G5I,Q9UM73,,,,,,3,1,"Hetero 3-mer, Homo 2-mer"
,,,,B,B,,,,,,,,,,,
,,Protein,128,C,C,2,9G5I,Q6UX46,,,,,,,,
9GBE-1,9GBE,Protein,344,A,A,1,9GBE,Q9UM73,A1IJ8,NVL-655,2,B,A,1,1,Monomer
